galaxyID,redshiftHubble,ra,dec,mra,mdec,mass_ratio,chirp_mass,luminosity_distance,theta_jn,psi,phase,a_1,a_2,tilt_1,tilt_2,phi_12,phi_jl,Individual SNR minimum,Network SNR
10327000105393,0.451297402381897,69.52501127465648,-43.44204857402272,9.881443716178184,-62.68826065978647,0.5894936522781524,84.56029095804853,2499.1763654302604,0.8157479631540258,2.8944362669929595,3.383108383197043,0.6412860872677838,0.6780851001006951,1.0220658751740928,1.3362523378775066,5.115369752578103,1.6776631553496757,15.718957937882143,30.797228443522062
10198000758538,0.9671796560287476,64.15738112873947,-42.12937948037112,4.820879799051909,-5.90657273872057,0.7976544411858516,105.27881038797612,6384.464906522856,0.7734532061910244,0.4009211908109001,5.657032237184386,0.0253940013369785,0.6071995491945784,0.496718407437884,0.9556897362244277,4.562054427724166,0.1976721010002029,4.413962432385434,10.4810613013682
10072101693060,1.241736650466919,68.61743045516484,-40.40027804807278,15.599027071730234,-86.29183838912286,0.9219106546206264,106.239528676542,8729.358882050257,0.7337285436093867,0.924356439103094,4.560934103302995,0.2447707432115959,0.2438290851945033,1.5179997415125297,2.676479436514354,5.922328935115594,2.662239372592033,4.879191578739504,9.68006071063404
10199000073760,0.3726900815963745,66.14057043133572,-40.798318796026535,4.096485275833402,-68.74403945537051,0.8997591379425653,78.53823804537866,1989.371245781789,2.255913128503456,0.8092725890354189,1.446054843197539,0.8174530130531321,0.9231857227168588,1.429964006581078,2.197562415537568,1.905918188657555,4.173498817941438,4.378811344334394,20.254961751977408
9942000382295,0.7253012657165527,63.45849711167899,-37.36501795066371,65.11636821311549,-14.987692390408483,0.8006686771622108,80.00967758484485,4461.470935987491,1.24415846472602,1.7042736947824553,1.8701802907206149,0.3364485612252001,0.4710554418007247,2.6718998147634063,1.3422982030316253,3.468924125147,1.614179152040658,2.91946745818321,13.687771346810202
10072000116173,0.4609885215759277,67.26614554918885,-41.36361230162092,32.18820036269608,-77.21483684622217,0.6055481158178868,119.14781722551828,2563.841239460807,1.9187311263999207,1.969855147778844,2.0402804395418133,0.5830649010442148,0.8634386298475826,1.122050667493654,2.321607770755053,3.243363724615532,1.996224973045102,6.841453571745029,16.51955011151308
10199000127596,0.482837438583374,66.36806172595766,-42.20461041098315,24.4162095937063,-89.18610520588118,0.536168949596562,53.38396716935041,2711.0283793699623,1.86374403289553,2.0272211263134925,3.869505106932661,0.1297538160405494,0.8561917278196175,2.906885375367421,0.9242868530605736,3.586510281095983,4.988307387705749,3.298253572536165,9.326200267148613
10200000231460,0.578951358795166,69.38692299704459,-42.66987515010032,11.548630745033734,-50.26594073030719,0.8741606939735058,62.61470832017115,3380.396548697913,2.720768711733139,1.5660590973404895,0.6100825704326569,0.7074642699339947,0.8451620498884213,1.96889798440128,0.735210598887713,0.9293981851808292,5.25799938095317,8.121021237672592,17.541716207940823
9815000135227,0.4922243356704712,64.86952847478153,-36.405972357381344,68.4554307248327,-80.11812603537692,0.7466789065265669,53.66170373391182,2774.8494691389224,1.6107995818909346,1.378522216467283,2.809321575663642,0.4491416965714162,0.1594465918121183,0.6626149010121134,1.245484288428789,3.662323834672773,2.3115971537993687,4.016515617337156,11.4015025228515
9559000652824,0.8650857210159302,65.64880246643654,-34.50030060817673,61.29412167874398,-12.702900016651256,0.4121583113668235,79.38149259697917,5554.236510239703,2.910129924389385,2.2637692428429803,0.4255362387367584,0.8072327846199411,0.8420924641474463,1.4367751152718051,2.393891858498494,0.7658944016019754,3.9148367889039344,5.440799849314861,11.9018123456876
9815101254807,1.4374687347429211,65.13411822000333,-36.716752358862,2.361021997989156,-2.0592992999445414,0.8627079228918043,94.35223284026937,10483.85085904664,0.325394487901032,1.4351216352176703,4.926542737555391,0.8374957433135124,0.1607977731584727,0.8740876243574359,1.0562866600539966,4.757548697484838,3.867730484763528,4.4846236648853575,11.452294859325727
9814000702615,0.9475038051605223,62.50023147890422,-37.87415038290541,21.53173489947221,-9.424848301292512,0.9055943882448172,96.97510077252458,6222.518417424525,2.4577192136175907,0.6389250797968257,1.73642239487789,0.6292527161003105,0.2514895988364626,2.223199297670164,1.051216831504337,0.9153359664329356,5.918211937068584,5.504582201411988,13.364877884083622
10326000176313,0.5364940423122041,64.50328664043788,-42.62697059689006,25.63938747838256,-29.49700329873304,0.7758155778948901,89.09005110835047,3080.4415499374704,1.920567064783892,1.98406777420524,4.135628401979254,0.4134025056042977,0.8847100401135374,1.797377357385538,2.359345422372668,6.255321244905422,3.5471331999194686,4.418871922747444,17.113800748780022
9687000658379,0.8665952682495117,65.85502031226626,-35.4528207591959,25.42402779837721,-42.28395850001834,0.383837344370347,117.33259584881893,5566.324912835691,0.6391551495967964,1.997339953970248,4.131771223956185,0.8207117643995462,0.6690609834386538,1.4444536338625626,1.2332988088908416,4.119178344251536,2.620775119377206,6.234346515695946,15.87375332709512
10199000182316,0.5249373999405189,67.03078662501821,-41.62086837567594,84.80764219968114,-19.59026093393913,0.5683063799662313,97.0064868178562,2999.9457382280807,1.892702745715956,2.344698716139547,3.662272941477571,0.8651465704945217,0.7466326317412413,1.3458825757225128,2.23608326371374,2.360198252313744,0.6325284944296383,3.568532608911501,10.914989434943488
9943000628905,0.8726550340652466,66.4275824552551,-39.49998941817242,36.108468035497935,-19.38458505392191,0.8618660343976624,114.0450907907808,5614.9098236114905,0.7796199946651197,0.1765481631829956,5.198505417211687,0.6410810205324292,0.0430045044774812,1.3956232826610928,2.09384567537208,0.9416889496263158,0.9302961685844116,5.095256364622446,13.34216671353398
9815000336461,0.6714690923690796,64.51346391673307,-36.70314701353944,36.97072704997845,-4.235397894153721,0.7762784851893535,86.54534952367534,4055.7598992463286,2.650356382818676,0.2928812321665932,2.550698700162284,0.8094829482679183,0.9327939909170796,0.9307215017236437,2.1555924465982987,5.69376855327151,2.478385873237855,3.5454862201005275,12.65319205066331
9815102128829,1.0080866813659668,64.32512176842255,-36.663889970981714,5.059205599303823,-31.13997107744217,0.4475734735464298,103.55402969144863,6723.980354457942,0.2342256680982994,2.77025046827137,0.8572271593191205,0.1794582365595618,0.9811417060768136,0.2295477557012819,1.5169929787040095,1.748021172550164,2.925423966643097,4.5764300669231295,16.565873971014057
9942000715914,0.9430364370346068,63.97028206673526,-38.35713315594256,18.265000657425844,-22.082041268164176,0.6248624372524124,97.0479344211964,6185.874354856743,0.6294552243073086,1.0448801186899486,2.4959701755627943,0.6097451144809426,0.5989116494230969,2.590150744215769,2.287934410482636,4.293349837339491,5.658006195644873,2.611368397761034,9.207206015729554
9942000722420,0.9503273963928224,61.98772934064169,-38.7864683487112,42.21572790694336,-53.55732387883472,0.6549593525641264,115.93115213790018,6245.703343387448,1.653004805237027,2.7308278054577424,1.4094568680990387,0.958135993691592,0.4757220560433841,0.3212417641470115,1.9617867098334207,3.421434973783016,4.651630997782688,3.097718228383717,10.343016591290745
9559000515460,0.8223847150802612,65.44072308980401,-33.76175276971685,29.243810668122023,-79.77201909414725,0.8963216063966786,76.14362785034606,5214.7415391538025,2.207772314996432,2.481819080967024,4.053194407969131,0.6126168434826805,0.5826149266940017,1.6765877958376316,2.3111126014459167,1.429886117531976,4.778924263175647,7.701198306452993,13.992333424038447
10450000594446,0.8932074308395386,66.81382101917146,-44.54043039111974,88.53154600359267,-18.703144420873286,0.6673111611290676,53.17449783117107,5780.381796977458,0.5328962244927755,2.1419179093991376,5.293286529361273,0.0805859739226887,0.4137313392676194,2.031920732597994,1.3572058833487786,0.0842757461712997,0.3706758841993348,5.013730839767706,9.338260744591585
10200000627109,0.8729090690612793,69.56509599538825,-42.87607292600879,32.425312423787545,-45.30175966254319,0.7848180667160846,87.3845388798582,5616.9486204153245,0.3761238493145112,1.4481895643051443,1.7498557841968931,0.8132837793351252,0.5754909471611048,1.9234480971390324,0.2253939898519833,4.429648023809526,1.010147142742881,8.169982498104485,18.99176826290651
9815000751042,0.9215785926236272,64.34509986093141,-36.29437546396542,13.986242482846135,-61.53001220925944,0.6494617736849189,117.48233425021397,6010.522542962771,0.0517856904745445,2.9707789650473404,4.039520074075645,0.2040643528166788,0.930422348860049,1.9817203753436023,2.000095397788738,3.78756370933134,0.7078386787752867,6.124107493966511,13.638438460246885
9814000389308,0.7333258390426636,62.56094849766258,-37.328395617776906,76.8721910664899,-76.32831564417575,0.4993351412761136,83.37981796945061,4522.705166911152,1.8154262090021973,1.7431651904665957,0.1486624707403589,0.1589815153048518,0.0302221469119002,0.4035948477563147,1.988273424306164,0.6670680749080141,4.925056530936809,2.0964700868403554,12.392259005248173
10327000598080,0.9030132293701172,67.36523170916462,-42.4936496290951,47.477345472958405,-86.97198313737317,0.7576906742652292,84.45301343647012,5859.701441780019,1.0137490792106516,2.7196211073081646,2.944476367631351,0.4422834648728354,0.8963742879165381,2.3141759502886057,1.999650389196161,3.929320869804729,3.65912002263328,2.689345200083203,9.81866615966412
10200101342828,1.401968479156494,69.9199067939657,-41.81605828262019,18.16494930791669,-50.751583558128914,0.9211919773113126,100.79656167721129,10161.17787852714,2.9104427323386,2.480172194791651,5.841175164004217,0.9830120108643648,0.096207208773774,0.45162892362217,1.199592895859336,2.0230687692718714,1.7257397609843843,3.1935242886936672,9.023029123356237
10198102057712,1.0995736122131348,62.83611549004937,-41.385333774964096,36.70258626893337,-1.1177472531271633,0.5927020562409147,108.6677473478046,7496.3769348065025,1.0133957881243696,1.1425713818305527,3.681262953467792,0.7936544290471681,0.7717932552830796,1.0232508744104154,0.6451513493605983,4.371155537696395,1.9557181830512709,3.5997048866480266,13.672798103462076
9816000510348,0.8014136981966504,66.95995182284044,-37.61203368072204,20.306522447353927,-3.5202864684397355,0.6177323785140652,84.35088110426425,5049.788614743274,2.963129784340128,0.8725964570959704,0.8448092648659422,0.5398055817390816,0.77357675136756,0.4709322433598183,2.612660527688337,2.1859084316013946,1.918430998464484,6.424391203571833,14.489078679404988
9943000030356,0.2998329401016235,66.50585514301443,-39.33338114826026,11.990646576799918,-1.7895398826804012,0.700941167573627,93.90982686117022,1541.7738295244408,1.45130516031399,2.266677067355904,3.969839848472272,0.9466538532945582,0.4481566905136616,1.3178063224772862,2.704940429966089,0.830063786221321,4.800860437576117,11.312927468802773,29.806542576865475
10198000488224,0.8128643035888672,64.15949407050825,-41.80426967511971,81.914345150406,-76.67271762882592,0.9372303322733522,117.71220506619288,5139.708360194196,1.7441513678923324,0.2635688564140056,2.9374122123714312,0.6334954622915417,0.7159303881925663,0.5310599443056192,0.6028208435071627,3.3918197933876364,3.915259880865362,5.42969250389885,13.817122080447724
9815102030872,1.0849409103393557,64.08950544363412,-38.03927709975471,48.28704663505778,-7.655773008737015,0.493760883126676,99.1368376563725,7371.670798041756,2.546413017377957,1.3618968071581643,3.9636451802779007,0.5197548915724011,0.3889733996706269,1.0288328782786045,2.394395167460781,2.913053058509009,0.8011624756734612,4.55307621993228,10.497160278525818
10071000542971,0.8578504323959351,63.92163020441508,-39.77940323775326,43.1376793589734,-71.36506232790998,0.6280131039883328,100.87024982114346,5496.377718852728,1.1064738595855654,0.1974541323270715,4.371438961496313,0.9475841170939002,0.8769716583651088,0.5678338170413911,0.3656906476084907,4.035698322538283,2.3035087075342617,3.2373592120993093,9.874187879262616
10326000543493,0.8479675054550171,66.29055511331673,-43.387811593856185,76.48529145587236,-73.80280534615304,0.8235818737330828,89.07911178101095,5417.564902128134,0.6334042754635291,0.5559971025027709,3.747684551878784,0.5765960387136818,0.3098884621982691,2.4093670572194137,0.7565153872139758,3.043446846855732,2.5085769691495408,7.349294298021176,14.457028699482445
10071102121305,1.0149171352386477,65.72746101781964,-40.180146109970025,51.25504311281839,-89.13443228181859,0.6721784721399165,86.07429379836078,6781.03348579356,2.162587661145163,2.237361767228148,2.060989384834236,0.2589590068799009,0.4115685112179428,1.250026108068602,0.8144510117650993,4.704892210208071,5.945363095473638,2.8824824307341315,9.721785540041193
9559000384121,0.722557544708252,64.67133007409942,-33.41653574921875,36.92555067397189,-67.73384870938025,0.2987915387047832,88.84335644848292,4440.578182740447,2.316744965951825,1.5693533395750212,0.5616647470972379,0.2826374191640205,0.1783097571126764,0.688234244869026,2.0422313799932788,3.2999430614395577,4.365095793277625,5.347497281080064,14.18911248760594
9687000637751,0.87450110912323,65.81590862370201,-36.131283138048005,38.3825202070002,-89.88888172717998,0.7807659547706461,119.54580737877588,5629.7295098020895,2.731886435552452,0.0562456787803473,1.4041478455165468,0.4931481081014294,0.6170308235986433,1.4996275985175098,2.7034873057397384,1.4504625911031332,5.323908097034173,5.885829578876028,20.73638934558992
10327101298509,1.3769378662109375,67.85764788670546,-43.42496132032798,13.930601664003916,-19.35529525016318,0.8534717889126847,103.17642939227989,9934.807056905864,2.735679140615472,1.070155282153797,6.066772301365704,0.6862430491646928,0.307216050110727,0.4432909404370899,1.1844221299811144,1.77798681060019,5.740076146290061,3.993298429665274,9.584500033694082
9687000322411,0.6735085248947144,65.45060576257822,-35.56161954765071,29.826152480731253,-24.30042133663665,0.3888098888877119,116.54152810594834,4070.9655964679177,2.1305920363705666,1.2273395832006595,1.0006140219285882,0.035080333551213,0.1103715708493821,1.7475698599745249,2.069850692937034,3.4319124937346395,4.477502670846259,6.332075360317534,14.546084010530626
9942000197415,0.5579124689102173,63.07421220370127,-39.96943332586906,83.975002140578,-35.08677993892343,0.525634418305114,108.80356840413384,3230.9400880355684,2.4897212739254817,2.1785894862280712,2.462415257469809,0.3217958867347622,0.4604273570557357,0.2111378890692415,2.1955475948453667,0.9657138855176276,4.988856843122312,3.785228395774022,17.6412897086275
10071000164244,0.5026216506958008,63.95152831431595,-40.8523826995978,54.00962565663213,-55.36735774240515,0.6207359977891906,88.28854762962446,2845.9443865153107,2.3653477151012163,1.0005676348895027,3.808337609141117,0.3592059352679971,0.0515462165693788,2.562663371366148,1.5258276645206736,3.9306626609152175,0.2504766869410667,10.530269002166271,24.19254859244293
10070000610848,0.9070644378662108,61.67256963054121,-40.53651216056582,63.19831537419668,-66.89209613477578,0.5342249546738627,64.61190175777762,5892.540978066178,0.5252227826698621,0.0851512145614501,2.1422138769986674,0.3266772592058503,0.6262142560514586,1.7940772494738235,1.6870137383937318,4.7647990391755695,0.7394746328202768,5.212905131068269,10.877407167575528
10199000572622,0.8569254875183105,65.90548113152502,-42.54384057849023,66.5535272579873,-22.97521018546104,0.383054375095579,73.40649096071994,5488.9908813998,0.8378644806528991,3.0247667735411388,5.443123329308903,0.7330262647121987,0.6373166701756496,1.3025958100089925,0.8056770927448701,3.0412227324318213,1.6103866216472829,5.688658139854294,10.31030090565794
10200102029002,1.0913748741149902,69.64560197092406,-41.12391484621347,89.79193902754923,-4.333188710661489,0.8135029006784392,100.12658424336236,7426.450589264775,2.298137126715565,1.4071079813961598,0.3196757981508955,0.5302996238625974,0.5036227565753665,1.0699530459125952,2.019109471380677,0.1775772171741009,5.6475577947330455,4.990531941154017,9.815969589186956
10198000688985,0.9342767000198364,62.91615747596039,-42.16236075535679,77.13993986032438,-76.97677729757561,0.6263685571569457,105.3532037824482,6114.158198862812,1.3201558912139624,1.3936583394747,5.961047911479265,0.929244264917115,0.1448087110681389,0.0847830250563536,1.8179926635661603,1.928861821222976,0.3647112331137916,3.571411482986381,9.493119126036246
9816000613021,0.8952764272689819,66.89227399216712,-36.3903707345155,70.99166901380522,-56.20257810247131,0.5607987626183435,115.97999786609078,5797.098239142544,0.480019784533529,1.7445366589461844,2.520684154119186,0.1737943638166623,0.0409868379837128,1.784784307642377,2.152561312840396,1.5138018231592112,5.759831266028609,5.886207408017949,12.2338741241825
10071102068650,1.0721147943248,64.53266875923164,-41.3362983732367,17.68471814217628,-80.21770131992525,0.5659456212452371,108.0139971808569,7262.718630678765,0.961603188669468,1.1249565871207003,4.65948695093316,0.3594732790830988,0.2354613681417532,0.3223811519855794,2.141603972435273,5.84862998394255,2.143229338875833,5.361601011651959,10.09816383230908
9943000777130,0.961139440536499,66.42795539320345,-39.459774856331705,49.71560062363278,-33.77423777501099,0.4046623076326259,94.09901496138362,6334.654256721383,0.1764535888300119,1.6793684631999108,6.18476913184194,0.2300989261976019,0.044841848653228,1.655399704264543,1.150064496433201,3.9918111385702457,5.4284043239373245,2.4660980775716,12.006943444290808
10199000040921,0.3082854747772217,65.51978740045689,-41.542010833685566,34.00939386250684,-68.91037449639407,0.812354107344477,75.41657874746923,1592.4033076250546,1.6906168548813438,1.0791469287871736,3.722405329224772,0.0850102795743307,0.4062708306147629,1.6423745370264564,2.888210147229718,1.7760390708706049,3.896309422917024,5.841126034789687,15.774537717763655
10071102170392,1.0148730383541191,64.13758624710506,-40.17734487661954,2.5785331471124664,-52.5218927746464,0.3357891714542291,116.97120055737736,6780.66482794843,0.250222434984804,2.983820486802656,1.5085704870459449,0.0126184441180727,0.5643550935476679,0.7354909001160213,2.739735166859658,3.709267447833757,2.9782586394623656,4.074180784962469,13.81404551739625
10327000560900,0.8403817415237427,67.23799131393008,-43.17976170158272,84.94381885879557,-54.55954808188108,0.8757406294551967,90.63239421137988,5357.243826448339,1.0707637243042931,0.3035225935968543,2.27134276695086,0.0555028973659248,0.8627737211658876,1.7474796669519084,0.2957928073032174,4.036513993275669,3.181453979852224,3.4325976776470988,13.303066596274602
10198101712291,1.2129104137420654,62.26529058188781,-41.40013524990144,89.40344843012281,-14.575241900762194,0.9146011308269932,77.32246224963636,8476.338832905056,1.348738718959396,0.4776411569074499,2.559606125395287,0.9302666496886705,0.977278289441282,1.0929708599593118,1.5172673634728937,0.0806456031151425,0.6662714312244034,2.684242821043864,9.452787596081016
10070000478688,0.7936216592788696,62.28393293961124,-40.7664815519274,49.59444113065547,-12.626489955931902,0.8773249447762366,89.78731599717794,4988.804659771375,2.285265934357722,1.609944910817144,3.579789243992434,0.3440911117770219,0.1592623094109758,1.7051787926042292,1.4033192698904071,5.936587118006933,1.631839972238004,3.630273211589966,12.225420276764597
9816000315960,0.6746033430099487,67.61100131625454,-36.295078746839465,14.705391524155855,-70.72202472266508,0.7219893790940684,81.91729479397974,4079.13384724864,1.5293227295448335,2.6459938151303,0.3826161997228134,0.4192906612805546,0.6440363151840459,1.8016727055355384,2.22678456396214,5.555403165899441,1.655784671807284,5.958984076563987,11.538053066279618
10327000137719,0.489814281463623,67.69113985998557,-43.85103331189856,58.665784444485325,-8.180049384536687,0.3973354898232984,82.58887550561501,2758.4304256184705,2.1046557939046284,1.7099306584743057,0.3960363213411786,0.6565829940756189,0.1483139544041196,2.5390093098200914,1.1416352242973191,6.15276037739323,1.070567556253327,3.7230290739696015,9.184808191250765
10326000307448,0.6809579133987427,66.17170668030286,-44.19728066593413,60.14356730922009,-33.68483344493143,0.8588698086248834,117.15940691727523,4126.619178766739,0.1666798633475548,0.0537434837418062,0.3373087320128335,0.1751581732340203,0.948154432421196,1.4741859433955855,0.7013076251002511,2.22916435242998,1.937493244209081,4.337181639762135,33.38121837045112
10199000556249,0.846809983253479,66.50639853796545,-42.891084440994064,31.8171275749628,-61.50450920002186,0.9145897668993492,116.64150294287217,5408.350689893264,1.233385064187798,0.4654959269612317,1.0958592328340504,0.8903691503810326,0.1616831926019323,1.1023093582614611,1.0898902765431508,3.8221932423076086,0.5338557209115801,5.347632163052098,11.41888926674331
10326102076742,1.0676090717315674,65.89483736112531,-44.34811149595919,38.20153543062042,-25.066375878552208,0.5852410023258775,86.27923935935615,7224.5246338972765,2.7039429085153137,1.3772148198681853,4.785140171383628,0.818773506956705,0.6697462155098154,1.3313411803666573,1.1186394003500748,4.416493427952548,0.8299368294284802,3.84882118191216,10.462113548436385
9942000554058,0.8367544412612915,63.221536582687406,-37.47975895358002,59.29914719708904,-74.6697883647139,0.8765890785443567,64.01568828652357,5328.453390422425,2.2937236915959893,0.2155057824633445,1.1726978323081674,0.36082030560131,0.0999784246210087,1.7245164436515017,0.7351872803009205,4.623772349041987,4.432481423140875,5.732818550279994,13.039600971065603
10327000777646,0.9612693786621094,67.18654436577366,-42.68397589736219,7.834106821712339,-54.56481969252491,0.565161361099178,85.92221247298048,6335.724907402928,0.7464839014618463,0.649552828211337,1.6793225037291517,0.3312298436691617,0.1572037807945656,2.348026162963546,0.8157029568961536,2.497427019770456,1.0729865996546906,4.166135572824616,12.891469411216406
10072101709568,1.2427403926849363,68.57931888527436,-40.16515500618107,65.04816747800214,-73.19846013773349,0.7969314383618062,115.4893353395513,8738.19549392627,0.7187227264235743,2.885820371173564,1.9115767176804828,0.5385824104766133,0.7290360957111854,1.669316542782336,2.372936802334211,0.2134902562051457,0.9564365452721332,2.4039819928447708,11.435196620399534
10200000624152,0.873326301574707,68.23453600773858,-42.07903841135959,85.19044688605936,-67.9412598169074,0.8822840907109194,110.26255177515932,5620.297539307175,0.719467428921043,0.9800385902580206,3.185895621454065,0.1180518228549252,0.8205347192832915,1.8143496658257507,1.3753525472384158,5.658704896465847,5.864946054392015,7.356968622480873,14.749376382992049
10327000111667,0.4366214275360107,68.61860527196879,-42.69774619376179,58.46376660611713,-54.544656384401605,0.814813614047309,38.73934978573155,2401.988491894137,2.777901562358876,2.764372944118102,4.267418948290798,0.8603306878067569,0.717150249753775,1.6263143477842077,1.541754584729316,4.071118240199391,4.67986454058484,5.386454763635364,16.676911013545986
10070000278121,0.6238613128662109,61.53360628106668,-41.24997638642449,32.937352124470635,-31.976402909553144,0.8144107924018661,73.87921353102011,3704.63522845858,1.8163558955073635,1.0037932639387117,4.048106326564104,0.6990454553474585,0.2006153136002604,1.61604996554122,2.9581603549017017,2.2425968030452346,3.7437225457909498,5.830565513160604,11.295370830414758
9686000061197,0.3426522016525268,63.26929541892552,-34.26971360164559,1.84323485736968,-58.896183412434766,0.3377343882608706,103.51899323247169,1801.805994479252,2.0755542697234595,1.3935239826355563,0.7518783026573505,0.3965314243645249,0.828402526833671,1.6137101541015568,2.5337933202285114,4.898805298175806,5.522941782913771,7.646888510810235,23.226096883710035
9687101705002,1.2485041618347168,65.55967477710139,-34.93176925809799,49.35290344094392,-72.06278719761758,0.8401618689945961,114.9468913612708,8788.971733122882,2.4062443199664054,1.096986429361779,3.7784655281995176,0.8201708563021981,0.6090395681034083,1.5495743044153611,0.9988842839595824,4.524600691412226,5.783167074333013,4.064419875022838,10.930445842260433
10199000493026,0.7877411842346191,65.21534232558358,-41.76122160526717,85.92956978880102,-54.0279961842607,0.6767722497334306,87.68850202350832,4942.89277141972,2.929337852140778,2.481499622901484,2.535598000229811,0.6185002802801833,0.0857136721235709,2.153588585979409,1.9204790221050096,5.29521042712288,0.8245381770156684,6.3201103947974895,19.22149674337193
10199101234935,1.4488408644226878,65.55873346813874,-42.29672060699736,15.00800526648527,-33.08016494272306,0.2928481028775662,116.54305216199532,10587.60868019423,0.4288760111629549,2.2007887229228005,2.29035854128311,0.7754358372104762,0.0263446997149344,0.6245545085220069,1.251837529729322,0.2898603573159223,1.355059112948599,4.6402171226984175,10.284765749938549
9942101962450,1.1186885833740234,63.27123627788364,-40.08054570709723,72.65803205208795,-47.34224689264374,0.3033117647034309,114.09909391115494,7659.927549003683,2.2086412280670014,1.6304136309682458,4.645994954402592,0.3839563099137678,0.1230748500692871,1.5638106360405952,2.4980925267844336,4.289766668652722,4.134777085225714,2.4945853844364225,9.889715742006912
10326000564080,0.8574538230895996,65.91460940349708,-44.30959243315064,39.610561482288176,-61.61645493072501,0.5604341839066624,68.18765710665487,5493.210028845399,2.0402428473460605,0.4010560475274316,5.4726459951789375,0.8762469179697143,0.5618197635242452,0.638374948957815,2.8088259782011984,1.2634092868650406,3.0467107134638254,3.460310758561851,9.616571595987978
10326000513480,0.7855995061449937,64.54298893227896,-43.71636691717404,34.22983405701234,-48.07009771290177,0.6970428573965657,93.91055285511344,4926.195519731652,2.081068236709265,2.1120270067040336,5.687265828550543,0.6198822073471192,0.78081975796309,1.0532430378152344,0.5684525676549321,3.3464878196962067,0.9096075120832832,4.2159350329691,10.372746629725656
10071101987824,1.1025710105895996,65.37248866546601,-40.8816621937853,59.62090377224376,-78.05473275356053,0.7106566704914872,110.84634322023052,7521.9751373313775,0.460129281920861,2.026414415788664,5.748407118367327,0.8986234808617486,0.5956204965424122,0.6742051168099528,1.838074390671464,0.1686478821745021,0.0984375937917537,4.449231090249353,18.82061063544397
10327000201635,0.5752401351928711,67.74132264402944,-42.14935758377433,89.65080263046548,-87.02337687877298,0.7683070615846078,117.01321796759,3353.917486312756,2.739489595614625,1.1348429164260976,2.348580739433954,0.8937628350636933,0.6246323297712684,0.8740483450687706,1.8913296215831312,4.578006838199364,3.733441233716313,13.30100825283738,27.22165469029872
9687000210568,0.5429661273956299,66.16126723806637,-36.05990253608226,39.24675782729173,-56.93372143473243,0.9143041885592984,113.09852934441008,3125.7398018679314,1.0859345221316596,0.9217450930148954,6.148817648597235,0.3943955255197213,0.3545783540578262,2.5595059413710124,1.3049197399643444,5.674975073851689,4.7536790938113,5.849472195927124,15.358299760196498
10198000083330,0.4293895959854126,63.83316466872095,-41.55536652456715,55.35600945088663,-63.47125496111403,0.8731783058815491,113.02489669457331,2354.4289907234984,2.4382378430003646,0.8974638871907984,3.626758286778367,0.7983389063044863,0.6942629391691015,1.3142395393057589,2.7359031608345004,1.3903487690011611,3.253755822918062,8.42279422954929,42.86374126757285
9816000554151,0.8623433113098145,66.83271464885082,-37.03618924445784,57.890527199953794,-37.14724472542002,0.6954201217937273,118.37072982279152,5532.290318534466,1.0961633254344223,0.9774787271967618,1.8423236121922064,0.6049611983918111,0.0075794527417969,1.1928170210320268,1.007203380234054,0.789218148040434,0.9388818080033906,2.7752411103413643,9.849143721840468
9815000171812,0.5380957126617432,64.34553295560673,-37.71404490333947,29.78827254290809,-76.82224705361295,0.4346553066081483,93.54428814372928,3091.637169998125,1.3795023491481622,2.7530073661748773,4.761550109645516,0.7295790180808368,0.2778058758975782,0.5736959967507098,1.297393964241117,5.714449022911951,1.903380665081913,6.465988127853276,15.33804100071447
10450000587918,0.9115003347396852,67.5122900909981,-44.98194474250187,13.096233823394869,-29.36185451132769,0.8429369861867272,107.0087786812952,5928.544867961473,0.573892715402978,1.2305948408508736,0.7403069928029437,0.4099467352332167,0.8721030412961185,0.5012375922569533,1.374903863632355,1.445819207291838,5.454070406769759,6.23163808404382,18.08474994096146
9815000135608,0.4798696041107178,63.85283487880635,-37.600532283477534,53.04955031652935,-33.195301607993315,0.8065496634140135,103.5065416471548,2690.922874577009,2.002062744757959,2.236235106098151,0.6464931898343292,0.8198256715731129,0.2921634212721924,0.6267354198017898,0.9114876119717472,0.4514751972656977,6.084620623380802,11.617007611851417,23.842683012176423
9816000278228,0.637457013130188,67.0699970558417,-36.39042902736854,75.45189126449986,-56.96447442381759,0.8836787314127909,77.12477314021409,3804.148304114033,0.8323899415681119,2.940691074278168,3.675334063037308,0.9033524054879633,0.1456518102605769,1.2227283820480437,1.018143493693174,5.86542214891119,2.4726113744173164,4.288934775460964,14.211722549872045
9687000668710,0.8940681219100952,66.50629289408778,-36.04691455143643,27.962571456359,-67.17881655256497,0.6064758373744511,59.622097140251554,5787.334454959516,2.8639075131761564,1.060055098682267,0.3143183170879325,0.8591525885577576,0.4116524385754602,1.5726846684369375,2.6711394600077103,2.0841181769961,3.4992182962534573,4.901836720059609,12.657659457586044
9559102052546,1.0874137878417969,64.0406562138157,-33.59576157663075,65.95851202684571,-70.2422604757885,0.5147447940488863,85.47741172439669,7392.715352147381,0.755870677356213,2.391503860524418,5.579447129406037,0.9636873693766986,0.5822329606142554,0.5456080729101204,0.7706619041091645,2.4256960042487843,5.102784956747864,5.872391294729264,12.142560584504244
10199000709845,0.9524866342544556,66.81247859987747,-42.76804297946475,39.551608715293696,-73.33417576988722,0.8260248967484368,97.33478055166648,6263.445728052538,0.8115783722535451,2.110955131797429,1.3953748355904736,0.1278900655362397,0.3751644536581069,1.3406995714379788,2.414079658009817,5.299764085934299,6.232335438262106,2.947287744280926,12.472560966053928
10072000095916,0.4236798286437988,67.45286277146175,-41.38753239443719,4.812153631704859,-29.854033113035257,0.7671162282430284,104.93024484897164,2317.0354800117225,2.522670956060608,2.390353361956714,0.7129228514755935,0.5331906002023906,0.4070465631625585,2.307669500096049,0.5140047284680836,0.6580277222428834,5.492536621857616,19.62723900449048,39.73413214870792
10327102036962,1.0660343170166016,69.04298305883103,-43.26372038256201,62.44666234217584,-71.91208523992827,0.6445954716600545,97.61416379998307,7211.185678851085,0.5382752301811857,2.2302552910010625,3.798984558435668,0.86671549571139,0.6794553729363647,0.3077480087860813,0.8899608633553783,3.70869357933358,0.9885543860963852,5.883222465553256,19.498836419986155
9814102154425,1.0069148540496826,61.03089424526896,-36.87408150168541,50.82613719582878,-78.37476343585877,0.8058226044280319,69.88195789303371,6714.202645709257,0.6595779879834749,1.95721506858552,2.1433165868077952,0.1217953722128387,0.4271522921869677,1.855544225975732,2.052662830930051,1.3790040710984994,3.989210987841744,3.2422579953233845,10.650657972317967
10327000486573,0.7811223268508911,68.46086673275254,-42.957044828979576,63.1652593924664,-23.61666083903401,0.8176596685933314,81.16480739253143,4891.331372053874,0.9467208119910911,2.0530029173511406,2.2811595174815795,0.38432875127951,0.3093031962148343,2.130824392104081,1.6472993021649598,0.8778388914798317,1.259327059436847,7.053641316803921,13.957071939500889
9816000638158,0.8767002820968628,68.30140713212343,-36.83274552212031,5.07155812275596,-78.10731851414312,0.7219797503269415,116.86138249112592,5647.3950186844495,0.9087928441235902,3.028943347310711,3.7089133987080767,0.4916413524161327,0.6146363430214907,2.3878176893042533,0.7965199512628471,5.031725800906304,3.322674921335751,4.87746535664259,12.6361391966857
10326102173050,1.0523831844329834,66.04359399645983,-44.77679998688996,65.78344111287151,-48.089168594320654,0.9013697936112576,104.83724208452706,7095.769844122107,2.707484426789556,0.4866968545200569,3.628755016706892,0.0308655799273016,0.6279592181505443,0.1141468289657472,1.3955716875259747,0.2735232487225807,2.477437865535932,2.3869844376902822,14.584675424230944
10071000280008,0.6259222030639648,64.30613204841521,-39.70617369809728,32.1942421370768,-14.2440094587364,0.6905102065738827,88.88370736580075,3719.6800431486886,0.8543069271971702,0.2921776250989315,3.905529039913055,0.9371741087364628,0.5184231677914221,1.120810461219457,2.110164500945409,4.93801839183487,1.8270023162877471,12.539983813664335,24.082384806583477
9559000383443,0.6964641809463501,65.83560445241221,-34.21291289643993,37.01079036446754,-36.50245779912802,0.637588198814578,112.2583852011286,4243.023849391976,0.4294235921516348,0.7598800986310322,1.0662213568987364,0.9729518109405536,0.8446368954510388,1.5072250967783616,1.509281924211731,3.001789893716295,1.3472139534425085,9.632163410502994,19.939136146392404
9816000574100,0.8290511691712855,67.92678097676004,-37.97418520123493,16.34251169633353,-56.89490878395736,0.6128889125763598,109.90539208274592,5267.426774425379,2.022035918966504,0.172998217338855,4.451344777696044,0.0121789145738111,0.1229156815159744,2.6305756970828416,2.5695446671426105,3.371668911433873,2.013118696518326,2.6190442275785206,12.854651794644523
9686000281953,0.6322516202926636,62.84662419558151,-36.44598208025026,60.12655838338833,-63.05119726865087,0.5177813224765377,109.87908829062712,3765.974789476572,2.3783246801958966,3.014129014803649,0.6990151776923564,0.1125320128150315,0.3431017982561389,1.6366585258152806,2.618691578367544,5.577267220099905,5.467320027675206,5.789668162727016,15.301594360188902
9686000328257,0.6565347909927368,64.04970084506192,-36.251942694409465,35.96380412823055,-46.92735781124793,0.9219809524756668,79.97526975877688,3944.817775161605,1.99779111015134,0.6369975526377548,1.725825182626867,0.4397606113117123,0.7276548293975881,0.7028127055608835,1.6918346366736652,1.7992946567458363,0.8705066959897128,4.8646149756288,9.529205355391964
9943000790837,0.9874254465103148,65.85656447632151,-37.641330177711424,81.76488860644167,-26.42989064715221,0.9262911368279612,53.971781157720166,6552.029084220087,2.3445193681945886,0.8217153782467368,6.1121835673784535,0.2212322238365697,0.6644100536532977,1.5394372449100011,1.5703845069648048,5.890989759590326,4.2712032314454,5.0179135049100525,9.571424782518834
9815101677571,1.213426113128662,63.517680987654536,-36.96640989162469,64.51808922320197,-25.12065045828058,0.7828175109079757,104.35595814474618,8480.852380405573,2.6851535121444936,0.0809361534395493,0.1721880096793856,0.8903987671237311,0.5416957540457773,1.2231313454847343,2.461032098973071,2.7647455464338355,4.783971506200147,5.2707127904391005,12.40745405128405
9816000484794,0.7915860414505005,67.79870206015765,-38.26523739781294,23.214427780825645,-80.99071680492489,0.4470759025046335,114.33411870733607,4972.9006697869845,0.7635510656181355,0.4360998914916528,0.1159000063006778,0.1181472304168963,0.4977971803391737,2.472867559023,1.883888040629788,3.0064443190175623,0.3170168365265985,3.628775374283369,11.628069445524243
9814102156465,1.021775484085083,61.07071558829163,-36.68918423842284,63.76032304745604,-1.7398355383920716,0.5645984179242873,103.3829495059399,6838.422028074235,0.8650039185734715,0.7879531535003145,6.115588591192054,0.0988373958750393,0.1074424774736481,2.6661756778101,1.2433030576162216,0.7935835395013132,3.019934991220212,4.105485897025535,9.34503829457829
10327000303409,0.6627873182296753,67.24666592470817,-43.12572764580432,41.44842648255872,-68.32634491861245,0.8533593749278777,112.07206469528757,3991.178542975306,2.0232546171549126,1.1581346962563417,5.155204375983783,0.9644246419260892,0.2289213418172025,0.97747294326399,0.6469293198261802,6.110647768243639,3.916669664545935,7.244670982415386,16.874785658367532
10326000352643,0.6970939636230469,65.79566914132533,-43.54900679950467,19.918329476873623,-20.648289730321267,0.7563490645374722,91.6816635301813,4247.767407224288,2.3379034090891344,1.771501425005347,1.6024164788125448,0.4743501794296493,0.5809111387093384,1.4657197526198589,0.3421595357349974,4.171378983898191,5.076287212960983,9.286198645302722,17.78840540565776
9943000205835,0.5419629812240601,66.5552062951792,-37.90569848369611,12.63247953937389,-61.76325144665316,0.9264680509264872,119.6202069052757,3118.708578065853,2.7950345136367027,3.1343902239435426,4.388134717532491,0.7121190407185403,0.3838399460236201,0.5533994196029857,1.4454443475688503,3.1333148878861063,4.023223116254867,14.198158761756828,35.965137980742035
10327000493368,0.8152484893798828,67.42524408069549,-42.32329734143249,77.10781879993738,-20.44206512512756,0.8737455301299313,73.31600419522849,5158.475863805205,0.2955493778799361,1.9402672322955103,1.5207818686025545,0.4474050940221755,0.1566204928351368,2.405821205915385,2.536300164729804,2.59877352529037,5.501763093445286,7.266811116760007,14.056855281372703
9943000434697,0.7671933174133301,66.70452696256605,-38.415277701211096,60.79383806113037,-62.039957806424354,0.8740074635393605,116.8170226212483,4783.226613733869,1.910668378896444,0.3898308146081659,1.527338234243576,0.9783550539822676,0.610627351217429,1.4009253683411054,1.7271368604741757,5.202659072679823,3.91412510223135,4.866785807504635,11.828651381417412
9942101674105,1.2211263179779053,63.92214484800143,-39.18281514479136,61.91512892188621,-13.869320208323188,0.7473940474300536,119.56656367133644,8548.303300097508,2.003936101932668,1.0259135313633947,2.0738192092457326,0.7200034931818619,0.9789321956392706,1.917044164349473,2.9475771244656035,3.3944824262952755,4.591798615344172,4.169232128702546,9.615898670861464
10070000089251,0.4126210212707519,62.17627601235175,-39.72450837267269,81.5895551572321,-73.88095263866126,0.930837583501633,34.30606699062902,2245.006755703497,2.0593680807853567,1.3444914940808048,1.6617400674972107,0.58955369769688,0.0157875088003145,2.374647841916929,0.3516453934790927,2.812589320681201,0.7495553500545163,5.539535462365338,11.037882373096547
9814000574897,0.8633891344070435,61.04992235673048,-37.602672136415904,25.091863464927883,-61.163500056034536,0.5007684767861529,115.23177510378,5540.65726531093,0.8412136023216076,0.5994603957676828,2.9848520572839683,0.2837063017749149,0.1329628745807476,1.0110030643915382,2.2103317936767444,3.777343728564703,2.2730995742149847,6.773296731532319,12.805062742894233
9815000498701,0.7790015935897827,64.71206446247942,-37.889379211031255,83.1733998079144,-28.46791313882568,0.5281340186493433,44.24364969417965,4874.836699102966,0.7027982449077628,1.5501537374224594,2.1099260106258666,0.202535286177112,0.478488864046761,2.0400259354565806,1.4949733569365142,1.216596439666839,6.020708568370797,2.867879760538211,9.564961563235212
9814000204165,0.5663677453994751,61.643097432392885,-36.33517592515737,67.86632073196233,-54.79815177479759,0.3108575650658761,57.90100832998337,3290.8135698577685,1.379362763985453,1.5952662973452365,3.2370872741010563,0.9818790780196242,0.8861409110058808,1.7349959444341077,1.2691565407867185,1.6257978698855815,0.7355140874009476,5.304659913356487,12.031292861023914
10200000779211,0.982231378555298,68.53929643403421,-41.26189789293935,44.77628324518446,-7.792278864595573,0.7289632968830353,109.20545304291198,6508.951863091625,0.6635041581575759,0.500017712388046,2.836230682150726,0.931753848256196,0.8571378965507402,0.3987158630171669,1.1587054877246326,3.004453233622447,0.1852750371245845,8.653434220746632,16.517402460562927
10070100835032,1.597106695175171,62.59875260824944,-39.750066252685656,16.204992727463832,-47.92627290195378,0.554628800111121,119.3530391853675,11956.895915341143,0.1880290827894126,1.7831388049399042,1.3742472866638342,0.054427245096302,0.9029504397686572,0.4191235517337732,1.5022086740834095,0.3857382695965001,1.213248217341099,3.193079989207073,11.11233280294648
10326000185497,0.5739980936050415,65.14427696814582,-44.2378580505071,13.016337497363564,-24.037328184200305,0.7469846107215586,58.60574710503191,3345.0666448778147,1.3699149456027522,1.3743736789821546,3.625074774652248,0.3020358240554742,0.0798959270713354,1.3128895671422367,1.7069871737696252,3.8941286463653086,0.6688799818318903,3.3749021147625307,9.46254592148236
9816000594967,0.8357915963134683,66.65537618761363,-37.64522937487958,67.46303179403185,-77.39298172295094,0.7797849812256451,117.58751292913897,5320.816973418923,2.382473656622295,1.498666161892717,2.646624384244516,0.1376881291333745,0.7042654765216306,2.697215130161076,1.6441042113994149,1.236774549964887,0.7346059668160068,3.7101150937585112,9.985994883186011
10072100560858,1.6898722648620603,67.40437990427762,-41.330806452371405,35.85084261227166,-8.437472937221173,0.6121926174523202,113.31732654423348,12828.209849415978,2.757845070941152,0.5238533530922524,4.41528696792181,0.8378073101666187,0.3191230692609621,0.4767742396979762,2.7073242516671483,0.6715048025826265,1.8946372057798089,3.847625236973274,9.882309941445367
10199000733636,0.9458012580871582,67.35425018087727,-41.73481519785875,6.801811940618791,-68.89229575560603,0.6789447330842849,93.88203777242276,6208.547570210161,2.862301435699488,0.8088325517132302,2.849251710132904,0.7470181071508012,0.598758960834164,0.75596941550194,2.198091253476085,5.530498870468104,1.3439005824528638,5.320443585680196,12.587442306796795
9816000808448,0.9948710203170776,68.06446808550004,-37.656713866582535,0.0381496244808658,-47.49700862304599,0.5353259590347519,106.93950368902472,6613.884822678491,2.89197542449924,0.586991086074045,1.4731747209671389,0.4901921696842305,0.1815312406110691,1.6403137183291037,1.3770891860126613,5.028902585311431,1.4033138770584903,3.213135309942879,14.881404801214954
10071000431879,0.7733783721923828,64.4538153367395,-41.13859019767193,20.61366744892439,-16.142230596437003,0.8507985334672702,100.15400246350372,4831.161733483437,0.6842768403911447,2.210043713917883,0.9637479414025628,0.5380098369958329,0.0018347645573779,1.6004181258682326,2.39659524819722,5.516749458857034,5.414886965487836,5.892886545682217,15.556841611100964
9942101941260,1.1235957145690918,62.47156870788096,-38.52097178944945,55.7327557632525,-3.4775237392022973,0.8671873283186489,91.21703636625952,7702.030012345251,0.5979393239157575,0.1542757120731613,0.3353063129145169,0.2866243036053323,0.265904991615428,0.9017598564204906,2.166419610942824,2.784831430169929,6.251297950143027,2.8476605428541526,11.058589653325026
10072000210740,0.5464996099472046,67.44308351411406,-41.238672871863685,8.00305996031966,-64.23777436719683,0.8206129543390382,67.33958511744179,3150.536227653258,3.020797440380053,1.583305984495002,0.9511346629072313,0.9883911185738128,0.4187115919423525,1.3725674383919153,1.508219993165429,5.270476504133549,4.411511827857136,12.14953140964482,24.57091640223388
10326000492976,0.7934013605117798,65.51067108524201,-42.7793245149665,61.38861768320203,-40.78553471797932,0.7716411294883635,114.38526745915392,4987.082942556048,1.0028913641029444,1.6220457199408915,3.1232650619637763,0.7630361174948456,0.2388872551228792,0.728344570099361,2.997579997516218,1.1657624141520333,2.1047562109994744,5.965301975580723,17.645521390304392
10070101683693,1.2330200672149658,61.690664267180765,-39.18331626813665,3.404982417196152,-20.419077397993533,0.5718039920073097,119.59946438408168,8652.695062840605,2.738882863795921,3.086479129552621,4.502982929324714,0.3410191004510553,0.198279260585534,2.5472386941605243,1.1463178047856246,4.622648060446598,1.1524880669332882,4.485509652916063,9.503843447746815
9559000299679,0.6299726963043213,65.58856724445296,-34.36767523553509,23.53265586169437,-79.26941270721727,0.4328421446531956,83.78650031291345,3749.290801207261,2.292848543226883,1.7562027837496563,2.206576429815636,0.3654640844659179,0.9487784374573088,0.1780109280995077,1.6373999368284526,5.352745593346516,4.307490932238746,5.528561000153189,16.352988973760645
10326102080833,1.09301495552063,65.73644291442635,-44.72080087323408,18.97137920546811,-36.172364612746605,0.8193259301996031,112.25784627338406,7440.427886701693,2.39010629965112,0.514351827292388,5.597999804475748,0.3589673048085579,0.2797832197147026,1.7290999276162848,1.145632421021972,5.043262687169811,2.780112982428108,5.0493634801283225,10.390570278721867
10199000129140,0.4888992309570312,65.75696379526572,-41.65317523103306,47.70276373808156,-81.84569992156321,0.5490909020001052,27.967779476953584,2752.2024276755355,2.2349234643117315,0.2208982119612497,5.295267693898516,0.730528046165168,0.9071396396550158,1.5539425707321963,1.3887223384000107,4.370846171078574,3.708651281950543,3.7150178325130967,12.163495088837555
10327000277582,0.6251108646392822,69.23986091113723,-43.96679091138179,45.794594377221074,-81.1492147717072,0.7947833492887,79.5387222027639,3713.755443821684,0.7567821850971747,1.2418161869897528,6.05779023273852,0.3980055984927354,0.8793814035555304,2.1937442591493617,1.667190281322876,3.337513084457076,4.910393062782514,3.0897832447864086,10.66388377374184
10198102139076,1.0429527759552002,63.675845373478126,-42.698480878042886,75.35417118346959,-64.14708999187133,0.9016735693383297,103.70812041829626,7016.266991821325,2.772069663410868,2.003629963157416,5.4909121076908445,0.1524919259392269,0.6888126443737372,2.4423150741019133,2.4967808472574844,4.284060258617767,2.743305079411533,5.265541893203541,11.954254088979084
9686000322492,0.6635088920593262,63.34877019523445,-34.380911210138564,21.58519851807796,-72.26558348396793,0.5140013256963863,52.54442923484298,3996.536927380069,0.7729296225699185,0.6042913760790549,5.894181319062383,0.0301410924273387,0.3964677726183298,1.973422195420712,1.8016266714590072,1.3316303490678176,2.960422975321954,3.85656088117031,12.215732297120944
10071000488723,0.7867530584335327,65.01641402271997,-40.32555026538165,27.768246614316013,-9.588524618302472,0.4244767409660691,97.87994953590665,4935.187414552089,1.933824525167105,0.7214059729484719,2.927591342582508,0.1198568633721744,0.546950825769547,0.9637421174783112,2.5509929808738545,3.9100913330446656,6.092221455791611,3.0852908899936,9.551998758113228
9686000570335,0.8286172151565552,64.36615810936544,-35.79785885611885,62.32419197252602,-51.98357095537358,0.4124227032881913,80.25529428052005,5263.993608102577,0.4557364737072885,1.6098267393765835,1.144688125726474,0.3661680237889095,0.0852817416515305,2.532559944412616,0.8758902095150111,5.364015804604829,5.874053062698014,4.970991846741277,11.357499140622268
10199000126422,0.4976037740707397,66.1127128881057,-40.92263196365931,67.67730348964687,-73.5357621555595,0.7675979117026517,105.1348909946503,2811.580361153075,2.553978839080627,3.059402243747303,6.007593247250001,0.2117510134934544,0.2199892749722918,2.687484204009732,1.604797555237159,2.2250026436016115,4.331933520008403,11.387133501891256,32.49378787920019
9942000626247,0.8713290691375732,62.87548461625379,-37.61224689791071,33.13704547214729,-6.3070670636807336,0.6069001634318931,86.49041721851103,5604.270749185529,0.3136501737267955,1.8732536416345549,5.184380702722166,0.5290932010177563,0.4289866727665332,1.7478752909757698,1.3761300588747118,6.134309165927989,3.0480958795809068,6.330088339087836,14.445533764795677
9686000150155,0.4799261093139648,63.01320230020157,-35.69906644515147,17.948260155229946,-20.75196080477326,0.7752203473989693,25.996337999195624,2691.3053397628664,0.4046348275456786,0.1153475659011044,2.054607300577312,0.0862618878316498,0.2485380043734772,1.9326634014818536,2.502197038186765,0.4772265830485865,1.927975023743572,4.338165967786244,10.479630695110147
10326000572938,0.8531776666641235,65.25246130428391,-43.25060999317603,0.2644315466459375,-80.55733206807054,0.7765029125946934,116.78110427592472,5459.082501621995,2.34034940029852,1.0566216579650831,1.484445734684098,0.4303886876059006,0.2151688025099854,0.5577637713924669,0.5839618704440063,5.677517251904366,5.51312932818637,4.884871732865003,18.42589745528968
10072000489367,0.798346996307373,67.78869064849795,-40.03592762570239,17.934878049476538,-4.177239407217712,0.4035243917185344,113.87301556142388,5025.767260248673,2.8240513306969564,0.589351201617088,1.3016718917035064,0.2032771354236411,0.936999684156929,2.6518938018028657,0.9912161670545664,6.204335785839713,3.4984993574953926,9.064713642808274,16.52324233898401
10071101157191,1.4406273365020752,64.71151018413808,-39.93204884692446,62.94982396939304,-86.46604005011613,0.652341553218496,92.76657049535235,10512.650612226127,2.668504284146134,2.5015819889005204,5.599511889476374,0.6553070719417401,0.3025492552053956,0.742575105700834,1.3432408834754528,2.581753418505394,5.230303744601224,5.0304804476528,9.775532384771488
9686000045181,0.3310073614120483,63.269926341844645,-36.91407114386605,24.863289136250387,-61.045377065369394,0.1738897905955393,54.934687011916566,1730.2210389072832,2.1044103817563005,2.435630324021292,2.6559313373103457,0.3947238034371693,0.4970607063960791,1.4167380175362518,1.0612352351176884,2.819395602227958,5.997619682653083,6.887258810354982,14.768685487698226
9816000319120,0.673535943031311,66.90263643234304,-37.05102425009376,89.07895682516391,-51.04299062621431,0.7701925483561961,117.24685084189116,4071.170112016311,0.7807427977964527,1.2700466790473883,2.51465355613533,0.5308862046285894,0.9165929037112696,1.2338837260667437,0.8052526127702451,2.9389410485642133,5.036167863462178,6.779551493781456,14.575748118562023
10070000169745,0.5344060659408569,61.31791926012866,-41.14193378753842,83.31211153525874,-59.84345101119834,0.9175718714264212,36.49277019921453,3065.8610382504594,2.6118120295571368,1.7038482949148883,0.7476106813354227,0.5130994278348298,0.2242927498596667,1.188069600599077,1.124395924937883,5.98698215440832,0.2409372804229443,6.505964390533235,12.57182817125565
10070000310536,0.6802390813827515,62.43153332769942,-41.09973784488088,34.98914206317568,-48.33615965141507,0.8886266511896066,106.41496807943702,4121.241216391113,0.7510210491114832,2.697849303016352,2.948771263366375,0.6659023230025847,0.2343615167094774,2.0639315679617107,1.2583922306329156,2.062313122277223,2.3207422155455952,9.730845774368117,19.90702947062472
9816000619557,0.8830220699310303,67.60308421432904,-36.54401244625778,85.83949280538945,-84.32276564186031,0.9430855066438302,105.50219380159008,5698.244627352742,2.510935478821678,1.5201832306057148,5.740018956072385,0.000215237733166,0.4601016862124931,2.2304607012252986,2.786241807598235,5.57216214735499,6.150817488160079,4.295457035918334,10.247398153790892
9559000152396,0.4866231679916382,64.56218528422751,-33.16476158946827,14.634036241128342,-17.00786575631355,0.4958960851259698,115.21192204059147,2736.725470350348,0.7934216650547239,3.007892303281882,2.230995478895748,0.8450711905430099,0.6090320746145984,2.6680348440952253,2.4614342584754354,2.4986643211119564,4.071868129218921,4.963439952525801,10.47000183884041
10200000203559,0.5756276845932007,69.39701006877756,-41.58352813503524,19.588737971615046,-71.54772230386152,0.93329574565819,84.99518659796286,3356.6803056295184,2.066507132129946,1.01933327462695,5.062312149790866,0.0064043799617676,0.1246658081558204,1.696532850231271,1.7010711695728051,6.17569970629173,4.281420564375879,3.846824112830481,13.468255550583102
9559000731110,0.9148097038269044,65.2143201524057,-33.56380280371161,48.634234140627086,-12.536311094241682,0.7120071232799138,75.62697358032355,5955.436516616208,0.2900591260998057,0.9742466736235278,3.026168453453648,0.2861546423438634,0.9558150713239598,0.7493685789238753,2.658852115917832,4.434710281136067,3.759152711423373,5.543605801387626,12.34757247200306
10200000656248,0.8938525915145874,68.875140676338,-42.78124134843668,58.49611602112418,-65.83883530908497,0.5453378462868583,80.9926860841851,5785.593229045138,0.6250977596969914,0.4131384208195233,3.9178508650087847,0.0743669201840488,0.0798398885329377,0.9477985571598224,1.9310198082044243,2.5658950844437327,3.403962260351304,3.555442587219855,12.00588708182733
9686000386117,0.7223566770553589,63.33017982529991,-35.25819506357868,63.29104881695821,-18.496962437289767,0.9449370731505796,85.44678047200289,4439.049512884202,1.1531662234682387,1.749926586153577,2.87985734584216,0.9803127380430812,0.4507284907125762,2.2083710816846325,2.131973543281551,3.498476701670027,2.9735680277243435,3.3939995099428177,11.092857200319262
9943000567389,0.853195071220398,65.8064177644162,-38.25139644033851,52.096009939792566,-80.0873292801989,0.837221692981175,55.53797592478337,5459.221309475261,0.5782852585362116,3.011076234446429,5.094219050020694,0.9717337048499112,0.0623908433357193,0.7785995435717227,1.3918311499229596,5.081718698237733,2.897623837487869,5.844814505191622,11.65916827615417
9686000247256,0.6142972707748413,63.99166827022246,-35.84013520305703,78.56882251625939,-64.54175830740132,0.3462643286566126,114.65529146735363,3635.003950616539,0.2149091123318033,2.6660198554018075,0.2035605344035455,0.9867090279576922,0.0075834197770463,1.5773428597033337,1.020350881708752,0.3000457469144025,2.6681487512176134,8.215049977370544,20.51401313611675
10071000539253,0.85316002368927,64.55277309719486,-40.04124823363082,31.217986822943203,-73.7183820430364,0.5820705541274477,115.94423245122653,5458.9417930931495,2.1663869843030605,2.2629325492778367,2.703998991819188,0.5284552922969965,0.8102760989578778,2.959088582767257,1.6222754576978349,5.910890905309607,3.5357554019793263,5.250412080095404,10.959046434072562
9686000580828,0.8278727531433105,63.7233884767666,-36.114920680984014,10.026957834154018,-56.02911685378058,0.5124854504587306,117.10160972851344,5258.105070388914,2.1731015303953574,2.961850051477662,5.0978610812210885,0.9205160434777367,0.0736914034823782,1.3342820991760094,2.0801929759511566,3.909845036125769,4.327349466645478,4.37255353206848,12.798205551933286
